{
    "train_metrics": {
        "accuracy": 0.74206346,
        "loss": 0.5414285025899372,
        "f1_score": 0.5660826,
        "recall": 0.48075983, 
        "precision": 0.733
    }
}